patient_id,time,event,fold,pathology_risk,molecular_risk,fused_risk,pathology_risk_z,molecular_risk_z
SYN-F0-00,1.0000000000,1,0,1.7839922380,-2.4553220491,1.3162304501,1.7763328620,0.8410511474
SYN-F0-01,2.0000000000,1,0,-0.9747627820,1.8948742298,1.4244476152,1.2456748891,1.8665838258
SYN-F0-02,3.0000000000,1,0,-4.5530672499,-4.5910325955,0.5107941055,0.5573731800,0.3375701970
SYN-F0-03,4.0000000000,0,0,-2.9217593063,0.6210891548,1.0491044343,0.8711620305,1.5662966351
SYN-F0-04,5.0000000000,1,0,-7.5469943044,-5.3298406424,-0.0157302283,-0.0185211093,0.1634006316
SYN-F0-05,6.0000000000,1,0,-5.9369749994,-7.2467211924,-0.0059211640,0.2911727832,-0.2884924597
SYN-F0-06,7.0000000000,0,0,-7.1191160992,-5.2545763478,0.0762297933,0.0637830385,0.1811437376
SYN-F0-07,8.0000000000,1,0,-10.9565847266,-8.1327194949,-0.5076784791,-0.6743699718,-0.4973612449
SYN-F0-08,9.0000000000,1,0,-7.5580291795,-8.0634718738,-0.0963771154,-0.0206437133,-0.4810365336
SYN-F0-09,10.0000000000,1,0,-14.4046898664,-12.1065460880,-1.2304711446,-1.3376273001,-1.4341670275
SYN-F0-10,11.0000000000,0,0,-15.7523307472,-10.3769357633,-1.3186790264,-1.5968516142,-1.0264217684
SYN-F0-11,12.0000000000,1,0,-13.4681765295,-11.2344140897,-1.1690533875,-1.1574850746,-1.2285671403
SYN-F1-00,1.0700000000,1,1,-4.5231739796,10.1419639849,1.5168360896,0.8673096430,2.7837612289
SYN-F1-01,2.0700000000,1,1,-2.7902569528,-1.9335222690,1.0115865036,1.2857028290,0.5680443196
SYN-F1-02,3.0700000000,1,1,-9.0044494650,-4.9309895099,-0.1070691982,-0.2146435598,0.0180425465
SYN-F1-03,4.0700000000,0,1,-3.6748657158,-13.4524951457,0.0357978340,1.0721240638,-1.5455585983
SYN-F1-04,5.0700000000,1,1,-8.1379848759,-4.1971565701,-0.0279568146,-0.0054454999,0.1526926980
SYN-F1-05,6.0700000000,1,1,-6.4070835652,-10.5159632880,-0.1254166994,0.4124610142,-1.0067377877
SYN-F1-06,7.0700000000,0,1,-7.8082633130,-4.5574500753,0.1250110822,0.0741620364,0.0865828623
SYN-F1-07,8.0700000000,1,1,-2.7930564557,-7.0337707397,0.6994142007,1.2850269207,-0.3677943324
SYN-F1-08,9.0700000000,1,1,-13.3211702327,-7.1383151308,-0.8275855182,-1.2568668901,-0.3869770610
SYN-F1-09,10.0700000000,1,1,-15.8118646514,-4.1748791539,-1.0679821373,-1.8582168433,0.1567803551
SYN-F1-10,11.0700000000,0,1,-10.3882791131,-5.1915542906,-0.4083974588,-0.5487535526,-0.0297681817
SYN-F1-11,12.0700000000,1,1,-12.7247176122,-7.3677077711,-0.8342678638,-1.1128601614,-0.4290680494
SYN-F2-00,1.1400000000,1,2,-0.6851995993,-3.3589013777,1.0215871465,1.2328199668,0.6876699164
SYN-F2-01,2.1400000000,1,2,-2.7316353502,-5.3282028273,0.5982982245,0.8517499691,0.2735107111
SYN-F2-02,3.1400000000,1,2,1.5647278080,-1.8493644861,1.2392362458,1.6517824638,1.0051371073
SYN-F2-03,4.1400000000,0,2,-1.1336330116,-8.1954978135,0.4778584523,1.1493164806,-0.3295034251
SYN-F2-04,5.1400000000,1,2,-6.2430535528,-1.8233388318,0.4360266452,0.1978833006,1.0106105021
SYN-F2-05,6.1400000000,1,2,-6.6289894811,-5.6257886211,0.1973640037,0.1260175686,0.2109261353
SYN-F2-06,7.1400000000,0,2,-10.4755055327,-0.6245974780,0.1661278097,-0.5902481937,1.2627150067
SYN-F2-07,8.1400000000,1,2,-10.3655445783,-3.2269666420,-0.0542566797,-0.5697721926,0.7154168036
SYN-F2-08,9.1400000000,1,2,-8.4302416935,-8.0981398908,-0.2700412365,-0.2093964195,-0.3090283070
SYN-F2-09,10.1400000000,1,2,-14.7622880293,-15.6791975250,-1.5324774633,-1.3884966585,-1.9033828966
SYN-F2-10,11.1400000000,0,2,-13.9440915281,-12.9000368493,-1.2083138471,-1.2361390099,-1.3189040821
SYN-F2-11,12.1400000000,1,2,-13.8333479502,-12.8347201148,-1.1151435971,-1.2155172753,-1.3051674717
SYN-F3-00,1.2100000000,1,3,-3.0791875874,-1.8692569473,0.7393772806,0.7565609447,0.8508303883
SYN-F3-01,2.2100000000,1,3,1.2960938088,2.4936196305,1.4859131278,1.6598726843,1.7168563839
SYN-F3-02,3.2100000000,1,3,-5.0915437828,-2.1904542724,0.3887254038,0.3410939585,0.7870730878
SYN-F3-03,4.2100000000,0,3,2.1001556797,1.3652810473,1.5442358486,1.8258776704,1.4928824696
SYN-F3-04,5.2100000000,1,3,-11.6698023304,-7.8187490025,-0.6495708291,-1.0170399841,-0.3301369594
SYN-F3-05,6.2100000000,1,3,-6.3808123581,-11.6366809000,-0.2473184176,0.0749141784,-1.0879920612
SYN-F3-06,7.2100000000,0,3,-9.9817942347,-3.6935984335,-0.1886238894,-0.6685372499,0.4887006962
SYN-F3-07,8.2100000000,1,3,-5.1180997407,-9.8939960304,-0.1011713314,0.3356112691,-0.7420711138
SYN-F3-08,9.2100000000,1,3,-6.8322892473,-10.1442983554,-0.3598083607,-0.0182968261,-0.7917558381
SYN-F3-09,10.2100000000,1,3,-12.1578790599,-13.8279269042,-1.2090577166,-1.1178073176,-1.5229518792
SYN-F3-10,11.2100000000,0,3,-11.6058472253,-7.3128698531,-0.6267164635,-1.0038359425,-0.2297205286
SYN-F3-11,12.2100000000,1,3,-12.4029946456,-9.3380408359,-0.8132141544,-1.1684133852,-0.6317146454
SYN-F4-00,1.2800000000,1,4,-1.3497284905,2.9297318185,1.2289760855,1.3175487639,1.5451235357
SYN-F4-01,2.2800000000,1,4,-2.7132127110,5.4855483626,1.1814134930,0.9864887777,2.0175410115
SYN-F4-02,3.2800000000,1,4,-13.7362459010,-0.9932288701,-0.7237245870,-1.6899523286,0.8200029511
SYN-F4-03,4.2800000000,0,4,-1.2670331491,-5.1649611000,0.8450087078,1.3376275577,0.0488994012
SYN-F4-04,5.2800000000,1,4,-5.3143828617,-4.3535588850,0.3526172001,0.3549131854,0.1988790964
SYN-F4-05,6.2800000000,1,4,-6.6591020942,-5.0800084027,0.0714116466,0.0284094211,0.0646020693
SYN-F4-06,7.2800000000,0,4,-4.8536282837,-7.8932675645,0.0723780549,0.4667864304,-0.4554011349
SYN-F4-07,8.2800000000,1,4,-5.7806830031,-7.1930608716,-0.0506484576,0.2416934532,-0.3259748350
SYN-F4-08,9.2800000000,1,4,-8.8685554155,-10.7191385816,-0.6700281547,-0.5080555962,-0.9777355161
SYN-F4-09,10.2800000000,1,4,-9.0485528105,-7.5051689501,-0.4168533745,-0.5517597581,-0.3836649345
SYN-F4-10,11.2800000000,0,4,-14.6721810843,-10.8531880839,-1.3735827971,-1.9172015216,-1.0025132442
SYN-F4-11,12.2800000000,1,4,-7.0499838116,-13.8138283973,-0.5134638922,-0.0664983849,-1.5497584004
